pitches,player_id,player_name,total_pitches,pitch_percent,ba,iso,babip,slg,woba,xwoba,xba,hits,abs,launch_speed,launch_angle,spin_rate,velocity,effective_speed,whiffs,swings,takes,eff_min_vel,release_extension,pos3_int_start_distance,pos4_int_start_distance,pos5_int_start_distance,pos6_int_start_distance,pos7_int_start_distance,pos8_int_start_distance,pos9_int_start_distance
3687,545333,Trevor Bauer,3687,100.0,0.230,0.199,0.290,0.429,0.320,0.311,0.227,184,800,88.1,16.0,2456,87.1,86.71,489,1662,1999,-0.4,6.00,111,153,115,148,291,311,289
3553,458681,Lance Lynn,3553,100.0,0.243,0.146,0.322,0.390,0.297,0.288,0.232,195,801,87.4,13.6,2436,91.9,91.92,497,1729,1803,0.0,6.23,110,154,114,149,293,322,300
3495,593958,Eduardo Rodriguez,3495,100.0,0.253,0.138,0.318,0.391,0.310,0.294,0.230,195,770,85.7,9.1,2163,90.5,90.00,444,1622,1865,-0.5,5.92,107,150,115,149,287,322,288
3448,434378,Justin Verlander,3448,100.0,0.172,0.188,0.219,0.361,0.246,0.249,0.189,137,796,87.3,18.2,2599,89.6,88.69,602,1785,1652,-0.9,5.83,113,157,117,152,290,316,297
3384,544931,Stephen Strasburg,3384,100.0,0.210,0.139,0.276,0.349,0.268,0.266,0.212,161,768,87.3,7.2,2245,88.7,89.45,492,1599,1761,0.8,6.71,114,151,112,149,303,316,296
3362,543037,Gerrit Cole,3362,100.0,0.186,0.156,0.276,0.343,0.249,0.238,0.184,142,762,87.3,13.6,2559,92.4,92.00,624,1675,1680,-0.4,6.11,112,155,119,151,289,316,297
3358,501985,Mike Minor,3358,100.0,0.244,0.151,0.288,0.395,0.304,0.299,0.233,190,779,86.4,16.4,2563,88.4,87.47,421,1598,1746,-0.9,5.61,105,152,111,147,293,322,298
3332,669456,Shane Bieber,3332,100.0,0.230,0.163,0.298,0.393,0.283,0.300,0.246,186,810,90.4,12.3,2256,88.4,88.60,487,1588,1734,0.2,6.27,111,152,115,150,290,312,290
3332,605400,Aaron Nola,3332,100.0,0.233,0.160,0.297,0.393,0.307,0.307,0.236,176,755,88.5,8.7,2198,86.7,86.94,393,1475,1836,0.2,6.43,111,151,117,150,299,323,294
3299,571578,Patrick Corbin,3299,100.0,0.227,0.149,0.295,0.375,0.288,0.304,0.230,169,746,88.9,7.5,2245,86.7,86.58,492,1548,1733,-0.1,6.20,109,150,112,147,304,316,295
3297,594798,Jacob deGrom,3297,100.0,0.207,0.117,0.285,0.323,0.252,0.253,0.209,154,745,85.8,12.0,2302,94.0,95.27,549,1743,1527,1.3,6.82,113,150,111,146,297,315,294
3244,518516,Madison Bumgarner,3244,100.0,0.245,0.181,0.292,0.426,0.304,0.316,0.255,191,780,89.4,17.4,2435,87.3,87.25,404,1637,1589,0.0,6.22,108,150,113,146,300,326,295
3232,594835,Marco Gonzales,3232,100.0,0.264,0.157,0.295,0.422,0.315,0.312,0.258,210,794,88.0,14.6,2246,84.3,83.94,277,1534,1684,-0.4,6.04,105,154,114,146,297,317,288
3179,656427,Jack Flaherty,3179,100.0,0.192,0.143,0.244,0.335,0.257,0.278,0.217,135,704,86.1,15.0,2257,89.3,89.97,469,1520,1646,0.7,6.54,113,152,112,149,297,321,299
3163,625643,Reynaldo Lopez,3163,100.0,0.278,0.213,0.317,0.491,0.353,0.337,0.260,203,729,88.6,17.6,2051,90.3,90.03,380,1538,1615,-0.3,6.01,110,150,112,148,294,322,296
3159,554430,Zack Wheeler,3159,100.0,0.258,0.133,0.316,0.391,0.297,0.298,0.250,196,760,86.2,11.5,2288,93.1,93.94,369,1598,1550,0.8,6.66,112,150,112,145,295,314,293
3158,622491,Luis Castillo,3158,100.0,0.202,0.141,0.265,0.343,0.279,0.277,0.208,139,688,86.4,5.1,2112,91.6,90.03,531,1473,1656,-1.6,5.36,116,156,116,147,289,314,289
3139,450203,Charlie Morton,3139,100.0,0.215,0.126,0.299,0.340,0.273,0.275,0.220,154,717,86.7,9.1,2477,87.3,86.31,440,1484,1638,-1.0,5.80,108,156,115,148,293,323,298
3132,621244,Jose Berrios,3132,100.0,0.251,0.154,0.301,0.404,0.304,0.303,0.246,194,774,86.5,13.6,2136,87.8,87.84,358,1531,1584,0.0,6.33,108,153,114,147,297,323,296
3118,571510,Matthew Boyd,3118,100.0,0.247,0.218,0.310,0.465,0.324,0.297,0.227,178,721,88.4,18.8,2349,85.9,85.75,484,1550,1556,-0.2,6.06,107,150,115,147,299,329,291
3113,425844,Zack Greinke,3113,100.0,0.228,0.136,0.274,0.364,0.266,0.282,0.242,175,767,86.8,10.3,2244,85.3,84.63,350,1449,1654,-0.7,5.75,113,155,116,151,297,325,302
3095,592789,Noah Syndergaard,3095,100.0,0.256,0.154,0.315,0.410,0.304,0.280,0.234,194,758,86.3,9.3,2091,93.6,93.97,421,1557,1512,0.4,6.39,112,150,112,144,297,315,294
3091,645261,Sandy Alcantara,3091,100.0,0.241,0.156,0.274,0.397,0.311,0.322,0.246,179,743,86.7,11.0,2347,91.5,90.31,360,1510,1549,-1.2,5.62,108,155,117,148,300,323,297
3064,592662,Robbie Ray,3064,100.0,0.234,0.207,0.315,0.441,0.326,0.321,0.231,150,642,86.9,12.8,2181,88.1,87.81,453,1375,1669,-0.3,6.03,111,151,116,150,301,327,300
3047,573186,Marcus Stroman,3047,100.0,0.257,0.127,0.308,0.384,0.302,0.294,0.249,183,711,87.5,5.2,2543,89.6,88.66,336,1363,1670,-0.9,5.55,111,152,115,148,299,318,297
3043,452657,Jon Lester,3043,100.0,0.294,0.176,0.350,0.470,0.348,0.340,0.282,205,698,87.8,11.3,2305,86.3,86.30,293,1381,1646,0.0,6.11,107,150,109,149,296,319,294
3036,527054,Julio Teheran,3036,100.0,0.229,0.160,0.270,0.389,0.313,0.323,0.240,148,645,88.2,14.7,2372,86.6,86.39,305,1370,1648,-0.2,6.03,109,151,113,150,306,327,298
3006,502188,Jeff Samardzija,3006,100.0,0.225,0.186,0.242,0.411,0.293,0.326,0.254,152,677,88.9,16.3,2461,88.7,88.47,289,1445,1546,-0.2,6.05,111,153,115,149,297,327,300
3005,467100,Ivan Nova,3005,100.0,0.303,0.180,0.323,0.483,0.355,0.347,0.294,225,743,88.1,10.3,2165,88.5,87.91,270,1458,1526,-0.6,5.84,109,150,112,149,294,322,295
2992,543699,Tanner Roark,2992,100.0,0.275,0.192,0.323,0.467,0.344,0.346,0.278,180,655,88.7,15.2,2185,87.9,87.15,286,1360,1607,-0.7,5.79,114,153,118,149,294,320,293
2975,502190,Mike Leake,2975,100.0,0.286,0.219,0.296,0.506,0.346,0.354,0.299,227,793,90.4,11.5,2116,85.3,83.72,270,1493,1466,-1.6,5.17,111,154,112,148,297,321,296
2968,489119,Wade Miley,2968,100.0,0.254,0.152,0.289,0.406,0.314,0.304,0.247,164,646,87.0,7.7,2175,85.6,84.87,302,1316,1638,-0.7,5.75,108,152,116,147,290,319,296
2962,518876,Merrill Kelly,2962,100.0,0.260,0.188,0.294,0.447,0.322,0.344,0.275,184,709,89.2,12.0,2422,88.3,88.13,311,1388,1561,-0.2,6.14,112,153,116,152,302,328,301
2960,519144,Rick Porcello,2960,100.0,0.278,0.205,0.310,0.483,0.342,0.337,0.265,198,712,88.1,15.5,2368,86.2,85.60,262,1452,1493,-0.6,5.88,111,152,116,149,284,323,294
2926,596001,Jakob Junis,2926,100.0,0.276,0.193,0.318,0.468,0.344,0.345,0.274,192,696,90.0,12.6,2190,86.7,85.87,300,1323,1590,-0.8,5.64,112,151,119,141,301,326,306
2909,543243,Sonny Gray,2909,100.0,0.196,0.129,0.259,0.325,0.267,0.284,0.212,122,622,87.1,7.9,2676,88.4,88.37,345,1215,1674,0.0,6.20,116,155,117,147,293,316,289
2899,571666,Mike Fiers,2899,100.0,0.243,0.165,0.256,0.408,0.307,0.335,0.266,166,683,87.3,15.5,2368,85.9,84.83,250,1364,1519,-1.1,5.60,111,149,120,151,299,325,300
2876,425794,Adam Wainwright,2876,100.0,0.273,0.166,0.323,0.440,0.333,0.327,0.265,181,662,88.1,9.7,2418,83.1,83.05,232,1204,1649,-0.1,6.20,112,151,110,149,297,323,299
2867,571945,Miles Mikolas,2867,100.0,0.272,0.177,0.304,0.449,0.322,0.328,0.279,193,710,87.8,9.8,2327,88.6,88.23,304,1402,1442,-0.4,6.03,113,151,111,149,296,322,299
2848,641712,Dakota Hudson,2848,100.0,0.245,0.158,0.275,0.403,0.319,0.334,0.263,160,652,88.7,3.0,2202,90.7,90.97,297,1246,1580,0.3,6.27,113,150,110,148,296,321,299
2848,506433,Yu Darvish,2848,100.0,0.213,0.198,0.268,0.411,0.297,0.295,0.223,140,657,88.2,12.1,2517,88.3,88.16,411,1354,1460,-0.1,6.00,114,151,111,152,294,320,296
2838,621111,Walker Buehler,2838,100.0,0.223,0.145,0.292,0.368,0.273,0.275,0.229,153,685,88.6,12.5,2586,92.8,92.71,381,1420,1403,-0.1,6.08,112,158,118,146,297,317,298
2836,456701,Homer Bailey,2836,100.0,0.256,0.147,0.302,0.403,0.310,0.318,0.267,162,632,89.8,12.9,1802,88.5,88.75,332,1372,1457,0.2,6.30,113,150,123,143,303,327,304
2826,500779,Jose Quintana,2826,100.0,0.282,0.158,0.329,0.440,0.324,0.324,0.275,191,678,88.9,10.6,1981,86.9,87.03,262,1246,1573,0.1,6.25,110,151,111,150,297,320,295
2814,608337,Lucas Giolito,2814,100.0,0.205,0.169,0.274,0.373,0.279,0.280,0.215,131,640,87.8,17.3,2095,88.9,89.57,452,1391,1415,0.7,6.60,109,150,113,148,296,323,298
2787,547888,Masahiro Tanaka,2787,100.0,0.261,0.189,0.293,0.450,0.318,0.316,0.265,186,713,88.7,10.9,2073,86.6,85.60,326,1401,1381,-1.0,5.58,108,153,115,149,293,325,290
2787,543606,Jake Odorizzi,2787,100.0,0.234,0.137,0.305,0.371,0.292,0.300,0.234,139,593,87.9,17.1,2096,89.0,88.43,380,1363,1411,-0.6,5.83,109,154,114,147,298,326,295
2778,605164,Dylan Bundy,2778,100.0,0.256,0.205,0.297,0.462,0.333,0.309,0.241,161,628,87.7,13.7,2308,85.9,84.92,383,1358,1411,-1.0,5.65,106,153,115,147,302,326,299
2772,527048,Martin Perez,2772,100.0,0.279,0.159,0.318,0.439,0.337,0.304,0.248,184,659,85.4,9.0,2114,89.7,89.27,292,1346,1412,-0.4,5.95,105,152,113,145,299,322,288
2770,453286,Max Scherzer,2770,100.0,0.222,0.149,0.322,0.371,0.272,0.254,0.206,144,650,87.4,13.3,2336,89.6,89.02,491,1447,1309,-0.6,5.93,114,151,112,148,300,314,296
2764,502043,Kyle Gibson,2764,100.0,0.275,0.168,0.333,0.443,0.336,0.331,0.270,175,637,87.8,6.5,2156,88.4,89.17,376,1276,1469,0.8,6.62,109,153,113,146,297,324,293
2759,663423,Trent Thornton,2759,100.0,0.259,0.181,0.302,0.439,0.328,0.327,0.260,156,603,87.6,16.2,2543,87.6,86.74,299,1219,1528,-0.9,5.65,110,154,118,149,303,326,301
2721,579328,Yusei Kikuchi,2721,100.0,0.295,0.244,0.310,0.539,0.372,0.344,0.281,195,660,88.6,12.2,2172,87.3,87.57,259,1294,1415,0.3,6.29,105,153,113,145,300,317,287
2711,641745,Brad Keller,2711,100.0,0.247,0.135,0.283,0.381,0.310,0.330,0.263,154,624,88.9,9.0,2294,90.6,90.19,246,1235,1454,-0.4,5.79,111,151,119,140,303,326,304
2706,547943,Hyun-Jin Ryu,2706,100.0,0.234,0.126,0.282,0.359,0.266,0.281,0.253,160,685,85.3,6.0,1968,84.7,85.17,332,1333,1358,0.5,6.38,112,156,114,146,297,317,290
2702,571927,Steven Matz,2702,100.0,0.260,0.193,0.304,0.454,0.328,0.322,0.256,163,626,88.0,9.9,2188,88.8,88.78,287,1246,1436,0.0,6.28,110,150,110,145,299,317,292
2698,543294,Kyle Hendricks,2698,100.0,0.249,0.148,0.292,0.397,0.294,0.297,0.255,168,675,85.2,13.0,2101,83.0,82.39,292,1322,1359,-0.6,5.73,113,151,110,152,295,320,295
2696,457918,J.A. Happ,2696,100.0,0.258,0.211,0.281,0.469,0.333,0.327,0.258,160,620,88.9,13.4,2162,89.3,88.73,306,1286,1394,-0.6,5.93,106,153,115,148,297,326,288
2690,434671,Anibal Sanchez,2690,100.0,0.236,0.170,0.266,0.406,0.300,0.313,0.255,153,647,86.5,14.3,2081,86.4,86.34,291,1296,1383,-0.1,6.06,114,151,113,147,302,316,295
2681,607644,John Means,2681,100.0,0.234,0.183,0.256,0.417,0.299,0.305,0.240,138,590,87.1,20.0,2347,86.5,85.80,285,1281,1389,-0.7,5.79,105,152,116,147,301,324,295
2680,605200,Zach Davies,2680,100.0,0.256,0.160,0.276,0.416,0.313,0.341,0.282,155,606,87.4,12.8,2118,85.1,84.32,202,1161,1507,-0.8,5.78,109,158,114,151,302,321,295
2672,477132,Clayton Kershaw,2672,100.0,0.222,0.173,0.267,0.394,0.284,0.294,0.241,145,654,87.2,11.2,2547,86.2,85.76,376,1355,1299,-0.4,5.97,112,155,112,145,297,316,291
2670,608331,Max Fried,2670,100.0,0.270,0.149,0.338,0.419,0.319,0.297,0.254,174,644,88.3,3.6,2326,87.2,86.97,325,1250,1400,-0.2,5.98,108,151,114,149,306,326,296
2668,543101,Anthony DeSclafani,2668,100.0,0.238,0.184,0.276,0.422,0.304,0.301,0.238,151,635,88.3,11.5,2168,91.3,91.54,302,1278,1380,0.2,6.24,116,157,115,148,292,315,289
2665,572020,James Paxton,2665,100.0,0.242,0.181,0.315,0.423,0.314,0.295,0.228,138,570,88.6,17.1,2177,91.1,91.16,408,1327,1332,0.1,6.24,106,153,116,148,294,321,285
2661,592761,Caleb Smith,2661,100.0,0.223,0.230,0.252,0.454,0.319,0.321,0.228,128,573,87.4,22.0,2310,87.7,85.64,366,1311,1332,-2.1,5.04,105,153,115,148,302,324,294
2661,605513,Spencer Turnbull,2661,100.0,0.267,0.146,0.333,0.413,0.332,0.329,0.258,154,576,89.2,9.5,2365,90.4,90.11,308,1245,1395,-0.3,6.01,110,149,113,149,298,329,295
2659,474463,Brett Anderson,2659,100.0,0.265,0.142,0.280,0.408,0.311,0.344,0.287,181,682,88.8,4.5,1941,86.9,86.02,215,1250,1391,-0.9,5.61,105,148,120,148,300,324,297
2657,605397,Joe Musgrove,2657,100.0,0.254,0.183,0.300,0.437,0.313,0.305,0.251,168,662,88.4,11.3,2397,88.3,87.61,338,1367,1269,-0.7,5.66,111,150,120,148,304,325,300
2643,664192,Joey Lucchesi,2643,100.0,0.233,0.173,0.274,0.405,0.301,0.299,0.235,144,619,87.2,10.2,2174,86.2,86.15,303,1184,1443,0.0,6.05,112,153,114,149,305,328,303
2616,608566,German Marquez,2616,100.0,0.259,0.182,0.308,0.441,0.314,0.324,0.268,174,671,90.2,6.3,2348,91.0,89.45,343,1282,1316,-1.5,5.14,114,153,113,148,306,333,306
2571,621107,Zach Eflin,2571,100.0,0.268,0.184,0.295,0.452,0.328,0.315,0.260,172,642,86.7,11.1,2165,90.1,90.51,248,1220,1336,0.4,6.41,110,151,116,150,300,324,295
2557,647336,Mike Soroka,2557,100.0,0.236,0.104,0.282,0.340,0.275,0.304,0.264,153,647,87.0,5.5,2348,88.8,86.94,281,1233,1301,-1.9,5.07,108,151,113,149,305,327,296
2511,488768,Andrew Cashner,2511,100.0,0.253,0.165,0.280,0.418,0.320,0.345,0.268,144,570,89.3,9.9,2038,88.7,87.23,256,1136,1369,-1.5,5.28,108,153,117,148,295,324,300
2510,641778,Eric Lauer,2510,100.0,0.268,0.161,0.318,0.430,0.325,0.311,0.248,158,589,89.1,13.5,2242,87.9,87.15,238,1186,1304,-0.8,5.76,112,152,113,149,303,324,301
2505,450306,Jason Vargas,2505,100.0,0.249,0.175,0.280,0.424,0.321,0.322,0.242,141,566,86.4,15.2,2248,80.2,79.50,262,1079,1408,-0.7,5.85,109,150,113,146,301,321,292
2466,519242,Chris Sale,2466,100.0,0.221,0.191,0.311,0.412,0.298,0.285,0.217,123,556,88.1,12.5,2351,86.5,85.52,372,1163,1284,-1.0,5.83,107,150,115,149,287,322,286
2456,543475,Jordan Lyles,2456,100.0,0.243,0.210,0.286,0.454,0.325,0.308,0.233,131,538,88.9,14.3,2239,87.9,88.48,278,1158,1291,0.6,6.54,109,152,118,150,305,321,298
2433,628317,Kenta Maeda,2433,100.0,0.202,0.168,0.245,0.371,0.277,0.274,0.216,114,564,85.4,14.7,2195,86.6,85.98,382,1174,1239,-0.6,5.74,112,158,119,145,294,317,295
2430,605135,Chris Bassitt,2430,100.0,0.229,0.165,0.268,0.394,0.302,0.304,0.235,125,545,87.0,14.3,2183,89.1,88.81,237,1130,1283,-0.3,6.01,111,148,119,151,300,325,300
2394,430935,Cole Hamels,2394,100.0,0.260,0.146,0.320,0.406,0.320,0.326,0.257,141,542,89.2,10.6,1968,87.3,87.22,308,1121,1254,-0.1,6.15,109,150,109,150,299,322,295
2392,502624,Chase Anderson,2392,100.0,0.240,0.209,0.270,0.449,0.324,0.321,0.250,126,526,86.6,18.9,2233,88.8,87.73,279,1183,1193,-1.1,5.58,109,156,115,151,302,318,294
2373,592351,Jon Gray,2373,100.0,0.259,0.178,0.319,0.437,0.326,0.325,0.269,147,567,88.9,7.5,2150,91.2,91.17,296,1121,1240,0.0,5.98,114,153,114,148,306,332,307
2361,596057,Daniel Norris,2361,100.0,0.275,0.198,0.312,0.473,0.338,0.333,0.266,154,560,90.2,10.9,2249,87.3,85.98,257,1113,1233,-1.3,5.35,106,150,114,146,300,328,291
2327,592866,Trevor Williams,2327,100.0,0.284,0.229,0.308,0.513,0.356,0.343,0.277,162,571,87.2,16.4,2114,88.5,89.17,259,1159,1150,0.7,6.49,110,150,119,148,304,323,298
2305,592717,Aaron Sanchez,2305,100.0,0.278,0.179,0.321,0.457,0.356,0.343,0.266,145,521,89.6,8.9,2300,89.0,88.91,224,1023,1267,-0.1,6.29,110,153,116,150,303,325,301
2290,670950,Trevor Richards,2290,100.0,0.249,0.173,0.293,0.422,0.319,0.314,0.242,127,510,87.1,16.7,2231,86.5,86.75,295,1115,1161,0.3,6.41,107,157,117,148,299,326,299
2280,663978,Chris Paddack,2280,100.0,0.204,0.176,0.239,0.380,0.271,0.275,0.217,107,524,86.9,14.9,2072,89.3,89.86,295,1188,1079,0.6,6.60,115,153,114,151,303,324,304
2278,501381,Michael Pineda,2278,100.0,0.253,0.177,0.294,0.430,0.305,0.312,0.258,141,558,88.9,16.0,1982,89.1,88.98,305,1183,1072,-0.1,6.20,108,153,113,147,297,325,292
2275,642098,Glenn Sparkman,2275,100.0,0.296,0.231,0.300,0.527,0.368,0.364,0.293,164,554,90.6,14.1,2275,88.9,89.32,185,1085,1179,0.4,6.37,112,149,117,143,301,326,303
2247,593334,Domingo German,2247,100.0,0.228,0.214,0.260,0.442,0.309,0.316,0.247,125,548,89.1,14.9,2489,88.0,87.27,314,1106,1130,-0.7,5.78,109,154,115,150,293,325,292
2237,622608,Antonio Senzatela,2237,100.0,0.313,0.193,0.336,0.506,0.377,0.356,0.296,161,514,89.1,4.3,2116,89.8,89.88,179,1002,1223,0.1,6.06,112,152,115,148,308,335,308
2211,641816,Tyler Mahle,2211,100.0,0.266,0.191,0.308,0.457,0.330,0.318,0.256,136,512,88.7,8.8,2214,89.3,89.47,237,1013,1183,0.2,6.34,115,156,117,147,294,317,291
2199,608379,Michael Wacha,2199,100.0,0.290,0.213,0.318,0.503,0.364,0.354,0.279,143,493,87.6,9.0,1944,88.9,89.58,222,1043,1143,0.7,6.56,110,151,111,149,297,321,296
2192,453562,Jake Arrieta,2192,100.0,0.283,0.165,0.320,0.448,0.342,0.334,0.266,149,527,88.7,6.3,2209,89.6,88.79,174,953,1220,-0.8,5.85,109,150,115,150,299,323,295
2161,518633,Danny Duffy,2161,100.0,0.251,0.187,0.285,0.438,0.326,0.342,0.266,125,498,88.9,15.8,2269,87.7,88.21,248,1025,1125,0.5,6.48,110,151,118,143,304,327,305
2130,592767,Drew Smyly,2130,100.0,0.278,0.280,0.310,0.558,0.384,0.360,0.264,126,453,88.6,17.3,1997,85.9,84.56,245,943,1181,-1.3,5.38,106,151,114,147,297,322,295
2120,592826,Vince Velasquez,2120,100.0,0.263,0.236,0.309,0.499,0.351,0.334,0.252,120,457,89.4,16.5,2400,91.2,91.38,270,1041,1061,0.2,6.34,111,151,118,150,300,325,296
2098,502042,Chris Archer,2098,100.0,0.249,0.212,0.304,0.461,0.338,0.347,0.265,114,458,88.0,13.2,2309,91.1,90.48,284,956,1130,-0.6,5.70,109,149,121,148,306,325,300
2090,605182,Mike Clevinger,2090,100.0,0.209,0.122,0.306,0.331,0.263,0.264,0.206,96,459,86.1,12.9,2291,88.6,89.08,337,954,1132,0.5,6.42,109,153,116,150,288,312,293
2060,605347,Jorge Lopez,2060,100.0,0.286,0.227,0.314,0.513,0.364,0.359,0.272,140,489,90.3,10.0,2080,89.3,89.10,197,917,1128,-0.2,6.07,111,151,121,139,301,327,302
2057,642232,Ryan Yarbrough,2057,100.0,0.228,0.155,0.264,0.383,0.276,0.293,0.258,121,530,84.1,14.4,2148,82.4,81.90,227,1014,1028,-0.5,6.00,107,153,114,146,292,322,293
2056,592716,Adrian Sampson,2056,100.0,0.302,0.266,0.327,0.568,0.387,0.373,0.300,156,516,90.5,15.0,2186,89.0,88.44,217,1011,1030,-0.6,5.99,107,153,112,148,294,322,302
2047,642558,Ariel Jurado,2047,100.0,0.304,0.222,0.322,0.526,0.366,0.365,0.298,148,487,89.1,9.0,1948,89.4,88.95,170,940,1098,-0.5,5.97,108,152,113,147,293,323,299
2028,595881,Tyler Beede,2028,100.0,0.271,0.190,0.313,0.462,0.342,0.343,0.266,127,468,90.8,11.5,2168,89.5,89.19,244,932,1087,-0.3,6.02,110,154,115,149,299,329,300
2001,643230,Steven Brault,2001,100.0,0.265,0.172,0.313,0.438,0.342,0.340,0.265,117,441,89.0,9.1,1992,88.7,89.94,211,904,1087,1.2,6.82,109,151,120,147,308,324,295
1985,630023,Yonny Chirinos,1985,100.0,0.225,0.189,0.246,0.414,0.290,0.321,0.260,112,498,87.5,11.2,2072,90.7,90.41,221,978,997,-0.3,6.12,108,160,117,148,292,325,298
1979,605540,Brandon Woodruff,1979,100.0,0.240,0.117,0.322,0.357,0.283,0.284,0.237,109,454,85.6,12.3,2181,93.1,93.15,258,1010,959,0.0,6.26,110,156,114,152,300,319,291
1956,519141,Drew Pomeranz,1956,100.0,0.261,0.206,0.340,0.467,0.344,0.315,0.234,105,403,88.7,13.5,2368,88.6,86.43,239,888,1057,-2.2,4.96,108,151,113,147,300,323,295
1955,453281,Wade LeBlanc,1955,100.0,0.291,0.243,0.309,0.534,0.364,0.344,0.282,145,498,89.1,13.6,1861,81.7,81.26,204,918,1033,-0.4,5.94,106,153,115,146,300,317,286
1945,468504,Jhoulys Chacin,1945,100.0,0.280,0.241,0.311,0.521,0.369,0.353,0.273,115,411,88.5,16.3,2165,84.4,83.20,171,824,1107,-1.2,5.42,111,157,116,152,298,319,295
1899,605156,Aaron Brooks,1899,100.0,0.271,0.222,0.290,0.493,0.352,0.345,0.270,118,436,89.1,11.5,2064,88.6,87.88,170,870,1015,-0.7,5.83,108,152,117,149,297,324,298
1892,668676,Zach Plesac,1892,100.0,0.237,0.200,0.257,0.437,0.318,0.347,0.279,102,430,89.1,14.2,1974,89.1,88.44,194,895,989,-0.7,5.80,110,152,115,150,290,313,291
1891,605483,Blake Snell,1891,100.0,0.241,0.150,0.343,0.391,0.304,0.264,0.205,96,399,88.0,14.5,2273,89.5,89.69,354,924,965,0.2,6.40,106,152,111,145,293,319,290
1888,592314,Mike Foltynewicz,1888,100.0,0.244,0.215,0.270,0.460,0.323,0.329,0.260,109,446,87.8,14.0,2259,89.9,89.66,216,918,964,-0.2,6.02,110,151,112,150,305,327,298
1866,519455,Jordan Zimmermann,1866,100.0,0.311,0.215,0.341,0.526,0.368,0.371,0.310,145,466,89.3,12.2,2278,86.9,86.62,177,869,986,-0.3,5.92,110,149,112,148,296,331,293
1864,572971,Dallas Keuchel,1864,100.0,0.265,0.161,0.303,0.426,0.331,0.332,0.268,115,434,88.0,2.3,1999,85.5,85.24,176,831,1003,-0.3,5.89,107,151,114,148,308,328,297
1862,456034,David Price,1862,100.0,0.258,0.182,0.336,0.441,0.323,0.308,0.245,109,422,88.0,12.4,2093,89.0,88.16,230,885,965,-0.8,5.84,107,149,115,149,288,323,287
1821,656222,Jalen Beeks,1821,100.0,0.281,0.154,0.329,0.435,0.340,0.340,0.274,115,409,87.8,9.6,2071,87.0,86.65,201,831,977,-0.3,6.10,106,155,112,146,291,322,296
1815,593679,Gabriel Ynoa,1815,100.0,0.280,0.256,0.273,0.536,0.359,0.358,0.286,126,450,89.9,11.1,2105,89.5,88.45,182,906,905,-1.1,5.58,108,153,116,148,300,326,299
1810,605288,Adrian Houser,1810,100.0,0.244,0.155,0.304,0.399,0.305,0.281,0.226,101,414,86.0,4.4,2108,91.1,91.57,194,799,996,0.5,6.39,109,157,114,150,302,320,296
1796,641154,Pablo Lopez,1796,100.0,0.261,0.174,0.303,0.435,0.322,0.321,0.260,111,425,87.3,9.2,2089,89.1,89.86,205,868,909,0.8,6.73,107,156,117,148,298,323,298
1794,592644,Adam Plutko,1794,100.0,0.267,0.221,0.280,0.488,0.337,0.326,0.270,115,430,87.9,19.8,2307,87.6,87.06,167,886,903,-0.5,5.83,111,152,117,150,291,315,289
1789,621381,Matt Strahm,1789,100.0,0.267,0.210,0.315,0.477,0.331,0.326,0.263,121,453,88.0,14.7,2356,86.8,85.91,210,903,874,-0.9,5.67,113,152,115,149,306,327,302
1788,502239,Trevor Cahill,1788,100.0,0.273,0.264,0.283,0.537,0.369,0.347,0.274,111,406,88.6,9.6,2212,86.0,85.59,191,805,973,-0.4,5.97,114,152,115,147,294,318,291
1781,615698,Cal Quantrill,1781,100.0,0.260,0.170,0.297,0.430,0.314,0.318,0.264,106,407,86.9,11.2,2035,90.4,90.30,193,864,909,-0.1,6.15,116,151,115,150,300,327,306
1780,607536,Kyle Freeland,1780,100.0,0.296,0.258,0.310,0.554,0.377,0.361,0.291,126,426,88.9,9.4,2173,89.0,89.65,182,853,916,0.7,6.41,108,153,115,144,309,330,305
1750,543548,Tommy Milone,1750,100.0,0.241,0.243,0.252,0.485,0.317,0.319,0.250,102,423,86.7,16.0,2056,82.4,81.71,187,818,924,-0.7,5.86,108,155,115,146,297,317,286
1729,282332,CC Sabathia,1729,100.0,0.265,0.246,0.294,0.512,0.356,0.311,0.242,112,422,86.4,14.4,2136,85.0,85.98,206,818,905,1.0,6.69,103,153,114,148,299,326,288
1689,571760,Andrew Heaney,1689,100.0,0.251,0.203,0.312,0.454,0.329,0.320,0.244,93,370,89.6,17.7,2448,87.8,86.81,256,818,861,-1.0,5.80,111,149,116,146,296,315,287
1671,592332,Kevin Gausman,1671,100.0,0.282,0.172,0.353,0.454,0.335,0.327,0.260,113,401,86.9,11.8,1981,89.4,89.18,266,880,779,-0.2,6.10,110,151,114,149,302,322,294
1668,605446,Dereck Rodriguez,1668,100.0,0.271,0.221,0.284,0.492,0.351,0.349,0.285,108,398,88.7,12.7,2134,86.2,86.77,158,751,903,0.6,6.47,110,151,114,147,296,325,294
1619,601713,Nick Pivetta,1619,100.0,0.278,0.238,0.313,0.516,0.363,0.349,0.271,103,370,88.6,10.6,2516,88.4,88.24,182,738,868,-0.2,6.26,111,150,116,150,298,324,294
1599,642547,Freddy Peralta,1599,100.0,0.257,0.201,0.343,0.457,0.337,0.309,0.232,87,339,88.7,17.4,2440,90.2,91.43,231,784,809,1.2,6.93,109,154,115,151,301,319,293
1587,641312,Shaun Anderson,1587,100.0,0.291,0.170,0.327,0.461,0.349,0.354,0.298,111,382,86.8,10.5,2424,89.7,89.60,159,766,813,-0.1,6.08,109,153,113,148,301,328,302
1582,663567,Peter Lambert,1582,100.0,0.321,0.251,0.338,0.571,0.400,0.359,0.299,119,371,88.9,6.5,2092,88.5,87.97,119,707,860,-0.5,5.63,113,151,114,148,310,333,307
1579,543557,Mike Montgomery,1579,100.0,0.315,0.220,0.348,0.535,0.387,0.384,0.316,113,359,89.7,6.3,1990,86.6,86.60,154,708,862,0.0,6.20,110,151,116,145,301,325,300
1570,570240,Felix Pena,1570,100.0,0.219,0.183,0.256,0.402,0.301,0.327,0.254,80,366,88.7,13.0,2206,87.1,86.40,208,704,857,-0.7,5.84,112,152,114,148,293,317,291
1552,656288,Griffin Canning,1552,100.0,0.235,0.196,0.281,0.431,0.316,0.299,0.221,80,341,87.0,16.1,2314,89.9,88.76,227,702,841,-1.1,5.56,114,150,113,149,294,316,291
1548,643327,Zack Godley,1548,100.0,0.271,0.198,0.301,0.469,0.351,0.358,0.278,96,354,89.0,11.1,2146,85.9,84.38,174,712,828,-1.5,5.32,112,154,117,151,301,326,301
1541,521655,Wilmer Font,1541,100.0,0.242,0.245,0.288,0.488,0.334,0.304,0.226,78,322,89.0,17.3,2283,88.6,89.11,207,749,788,0.5,6.58,112,154,113,148,303,322,298
1512,664199,Taylor Clarke,1512,100.0,0.263,0.287,0.261,0.550,0.366,0.354,0.264,86,327,88.9,15.8,2205,89.3,88.89,168,729,774,-0.4,5.96,113,156,119,152,300,328,301
1510,502748,Brad Peacock,1510,100.0,0.227,0.201,0.267,0.427,0.309,0.302,0.224,78,344,89.9,14.2,2374,87.6,86.55,141,650,855,-1.0,5.72,110,152,117,150,287,315,297
1501,461829,Gio Gonzalez,1501,100.0,0.234,0.163,0.282,0.397,0.307,0.324,0.254,76,325,86.3,8.9,2099,84.7,84.21,172,660,837,-0.5,5.92,108,154,111,149,304,319,294
1498,642545,Jaime Barria,1498,100.0,0.275,0.296,0.287,0.572,0.375,0.353,0.270,92,334,89.3,18.2,2117,86.6,85.96,147,662,831,-0.6,5.73,113,155,116,148,294,322,292
1487,502706,Derek Holland,1487,100.0,0.258,0.239,0.284,0.497,0.361,0.347,0.238,82,318,89.3,12.7,2310,88.0,87.25,182,675,806,-0.8,5.84,109,149,114,146,298,323,293
1486,660761,Jose Suarez,1486,100.0,0.304,0.261,0.326,0.565,0.398,0.356,0.274,100,329,87.8,16.0,2154,85.3,84.63,172,677,792,-0.7,5.74,111,149,114,147,296,316,287
1485,593423,Frankie Montas,1485,100.0,0.230,0.134,0.297,0.364,0.279,0.276,0.233,84,365,86.8,9.7,2273,92.7,91.29,189,729,750,-1.4,5.43,110,147,119,151,295,321,296
1467,592879,Asher Wojciechowski,1467,100.0,0.248,0.235,0.279,0.483,0.344,0.341,0.247,80,323,87.6,21.4,2296,87.6,88.13,186,713,743,0.5,6.52,106,153,116,147,297,327,299
1445,548389,Ross Stripling,1445,100.0,0.244,0.169,0.299,0.413,0.297,0.278,0.232,84,344,88.4,10.2,2293,85.6,84.91,162,661,780,-0.7,5.72,112,157,120,145,293,317,296
1442,622694,Elieser Hernandez,1442,100.0,0.242,0.261,0.267,0.503,0.345,0.290,0.209,76,314,85.9,20.5,2203,85.6,85.04,176,697,730,-0.6,5.91,109,156,117,149,304,325,296
1430,605276,David Hess,1430,100.0,0.287,0.321,0.282,0.609,0.396,0.397,0.304,94,327,91.5,17.4,2139,89.0,87.79,136,699,725,-1.2,5.54,107,152,116,147,304,329,299
1427,543208,Sam Gaviglio,1427,100.0,0.235,0.199,0.259,0.434,0.304,0.306,0.239,85,362,88.1,10.1,2031,86.1,86.12,179,639,778,0.0,6.34,110,154,121,149,306,327,300
1392,448855,Junior Guerra,1392,100.0,0.194,0.157,0.221,0.351,0.278,0.300,0.222,58,299,85.6,13.0,2207,90.5,90.43,170,648,737,-0.1,6.17,109,155,114,149,301,318,295
1387,668678,Zac Gallen,1387,100.0,0.212,0.143,0.284,0.355,0.290,0.293,0.215,62,293,87.0,13.7,2227,88.1,88.09,188,638,741,0.0,6.23,109,153,117,150,303,322,297
1386,572140,Tyler Skaggs,1386,100.0,0.242,0.139,0.295,0.381,0.300,0.326,0.267,73,302,88.1,15.5,2254,84.6,84.17,138,640,742,-0.4,6.08,110,150,114,147,297,317,289
1377,657141,Jordan Yamamoto,1377,100.0,0.191,0.163,0.225,0.355,0.284,0.309,0.230,54,282,89.9,17.2,2418,86.0,85.46,140,614,753,-0.5,5.91,109,155,116,149,303,326,293
1372,570632,Jose Urena,1372,100.0,0.293,0.180,0.325,0.473,0.346,0.339,0.283,99,338,90.1,8.4,2151,92.5,91.91,141,663,696,-0.6,5.95,106,154,118,147,299,326,301
1364,656302,Dylan Cease,1364,100.0,0.271,0.215,0.326,0.486,0.357,0.323,0.245,78,288,87.9,12.1,2441,89.7,88.91,158,605,756,-0.8,5.70,110,150,114,148,293,323,295
1363,608717,Chris Stratton,1363,100.0,0.300,0.206,0.349,0.506,0.370,0.333,0.273,93,310,88.3,11.7,2636,87.9,88.13,158,651,709,0.2,6.26,110,150,119,147,301,323,297
1354,521230,Liam Hendriks,1354,100.0,0.201,0.109,0.315,0.309,0.240,0.229,0.185,61,304,88.9,20.3,2309,93.8,94.09,250,694,655,0.3,6.42,111,148,120,150,300,325,301
1352,570666,Luis Cessa,1352,100.0,0.246,0.187,0.277,0.433,0.320,0.295,0.229,75,305,88.3,10.6,2343,89.0,87.67,186,634,711,-1.3,5.37,107,152,117,148,295,324,290
1344,628711,Julio Urias,1344,100.0,0.201,0.123,0.257,0.324,0.265,0.267,0.209,59,293,83.2,17.8,2425,90.1,89.04,205,686,649,-1.1,5.49,112,156,116,146,296,318,293
1335,547179,Michael Lorenzen,1335,100.0,0.221,0.134,0.274,0.355,0.280,0.277,0.225,68,307,84.5,10.5,2459,92.3,91.12,201,649,681,-1.2,5.55,115,154,117,147,294,315,289
1333,621097,Jacob Waguespack,1333,100.0,0.249,0.189,0.279,0.439,0.329,0.346,0.271,75,301,89.1,14.8,1987,88.2,88.47,142,651,676,0.3,6.34,111,155,118,151,308,331,300
1325,622065,Alex Young,1325,100.0,0.229,0.184,0.252,0.413,0.302,0.316,0.251,72,315,87.0,9.4,2193,85.7,84.65,172,628,687,-1.0,5.58,111,153,114,150,300,323,296
1323,598286,Nick Ramirez,1323,100.0,0.247,0.179,0.288,0.425,0.317,0.314,0.245,76,308,86.0,10.7,1908,84.7,83.51,175,620,700,-1.2,5.45,108,148,115,147,298,328,293
1320,643338,Chad Green,1320,100.0,0.247,0.180,0.346,0.427,0.316,0.313,0.240,66,267,91.5,17.1,2414,94.4,94.36,198,670,643,0.0,6.27,110,154,116,150,291,323,290
1315,429719,Edwin Jackson,1315,100.0,0.351,0.334,0.363,0.686,0.455,0.402,0.311,105,299,90.3,11.2,2277,90.1,89.98,144,604,705,-0.1,6.08,109,149,117,148,302,328,298
1310,598264,Matt Barnes,1310,100.0,0.210,0.136,0.341,0.346,0.294,0.276,0.197,51,243,89.0,10.0,2336,90.8,91.01,209,579,728,0.2,6.41,110,150,117,148,286,321,292
1307,445926,Jesse Chavez,1307,100.0,0.267,0.195,0.311,0.463,0.335,0.342,0.277,82,307,87.7,12.9,2220,89.0,88.27,103,561,739,-0.7,5.75,108,152,111,148,294,322,301
1301,641482,Nestor Cortes Jr.,1301,100.0,0.281,0.213,0.321,0.494,0.357,0.351,0.279,75,267,87.6,17.4,2139,85.7,84.60,149,591,708,-1.1,5.54,106,153,116,148,295,324,288
1300,592773,Ryne Stanek,1300,100.0,0.214,0.168,0.266,0.382,0.296,0.316,0.225,61,285,89.2,17.5,2092,93.7,92.79,216,622,675,-0.9,5.76,108,156,115,148,298,326,297
1300,605130,Scott Barlow,1300,100.0,0.240,0.157,0.341,0.397,0.317,0.302,0.228,64,267,87.9,13.6,2381,87.3,88.24,203,600,696,0.9,6.62,111,151,120,141,302,325,303
1294,600917,Jose Leclerc,1294,100.0,0.209,0.165,0.313,0.373,0.308,0.267,0.175,52,249,85.7,17.4,2597,90.2,88.64,188,568,719,-1.6,5.33,109,153,114,148,293,323,300
1294,543521,Collin McHugh,1294,100.0,0.221,0.211,0.265,0.432,0.312,0.307,0.234,62,280,87.8,14.8,2581,83.9,83.47,158,563,725,-0.4,6.05,111,152,117,150,287,316,295
1287,607200,Erick Fedde,1287,100.0,0.276,0.174,0.288,0.451,0.343,0.374,0.307,81,293,87.9,5.9,1950,88.3,88.66,93,554,728,0.4,6.33,113,150,113,148,299,315,297
1285,543022,Tyler Chatwood,1285,100.0,0.232,0.121,0.286,0.354,0.305,0.321,0.263,65,280,87.3,4.8,2540,93.0,92.60,137,543,731,-0.4,5.96,113,150,111,152,296,322,296
1284,605151,Archie Bradley,1284,100.0,0.246,0.125,0.341,0.371,0.313,0.318,0.246,67,272,88.2,11.5,2124,91.8,91.95,139,581,695,0.2,6.33,111,153,119,151,302,328,304
1275,607625,Seth Lugo,1275,100.0,0.192,0.124,0.267,0.316,0.240,0.234,0.183,56,291,87.8,14.3,2473,89.6,88.96,156,586,682,-0.6,5.94,114,152,113,146,299,316,296
1274,596071,Dillon Peters,1274,100.0,0.290,0.280,0.302,0.570,0.386,0.361,0.285,85,293,89.0,13.3,2277,85.7,84.80,122,598,671,-0.9,5.65,111,148,116,146,295,318,288
1274,471911,Carlos Carrasco,1274,100.0,0.288,0.254,0.357,0.542,0.361,0.330,0.264,92,319,90.8,12.9,2321,89.2,89.38,205,657,613,0.2,6.21,110,153,116,148,290,311,286
1268,519393,Marcus Walden,1268,100.0,0.213,0.129,0.266,0.341,0.283,0.302,0.242,61,287,89.1,7.1,2274,90.3,91.17,180,613,644,0.9,6.57,109,150,115,148,284,321,291
1264,543135,Nathan Eovaldi,1264,100.0,0.276,0.234,0.316,0.510,0.371,0.332,0.240,72,261,90.6,11.0,2138,91.9,91.49,146,555,705,-0.4,6.00,110,152,117,150,285,321,293
1256,656546,Jeff Hoffman,1256,100.0,0.283,0.305,0.303,0.588,0.396,0.379,0.281,77,272,89.4,15.1,2386,87.7,87.56,126,580,667,-0.1,6.04,115,151,114,148,308,337,310
1255,623381,Thomas Pannone,1255,100.0,0.255,0.199,0.291,0.455,0.338,0.348,0.255,73,286,89.1,18.4,2219,85.1,84.58,149,588,660,-0.5,6.04,108,152,118,148,306,326,296
1254,592426,Luke Jackson,1254,100.0,0.266,0.136,0.388,0.402,0.314,0.268,0.209,76,286,87.9,2.0,2477,90.5,90.76,225,612,639,0.3,6.30,108,149,112,149,304,326,297
1251,489334,Craig Stammen,1251,100.0,0.251,0.182,0.284,0.433,0.302,0.281,0.239,80,319,86.7,5.5,2219,90.5,90.91,123,567,681,0.4,6.46,115,152,115,149,304,328,306
1244,519443,Brandon Workman,1244,100.0,0.123,0.043,0.211,0.166,0.209,0.255,0.173,29,235,87.5,8.7,2367,86.0,87.04,169,485,757,1.0,6.89,111,150,117,148,286,322,292
1240,608032,Carlos Estevez,1240,100.0,0.250,0.200,0.305,0.450,0.319,0.303,0.240,70,280,90.2,15.5,2264,94.8,94.86,189,616,621,0.1,6.03,114,152,119,148,309,335,308
1233,659275,Dinelson Lamet,1233,100.0,0.226,0.182,0.314,0.409,0.312,0.296,0.217,62,274,86.9,14.9,2516,91.4,90.37,181,568,652,-1.0,5.66,116,151,114,150,302,326,304
1232,612434,Miguel Castro,1232,100.0,0.232,0.154,0.269,0.386,0.306,0.294,0.216,63,272,87.1,9.7,2480,92.5,92.15,151,544,687,-0.3,6.13,106,151,117,145,301,325,296
1225,621142,Ty Buttrey,1225,100.0,0.247,0.129,0.323,0.376,0.301,0.309,0.249,69,279,90.0,13.4,2072,91.9,90.82,154,568,649,-1.1,5.65,114,151,114,148,294,317,292
1217,605154,John Brebbia,1217,100.0,0.216,0.117,0.293,0.333,0.274,0.274,0.210,59,273,87.8,23.9,2479,89.2,89.81,178,616,596,0.6,6.48,111,150,112,148,299,321,298
1217,543339,Daniel Hudson,1217,100.0,0.210,0.154,0.249,0.363,0.280,0.307,0.227,56,267,88.8,15.7,2501,93.5,93.02,138,601,607,-0.5,6.06,111,151,117,149,304,324,299
1216,433587,Felix Hernandez,1216,100.0,0.291,0.260,0.311,0.551,0.382,0.372,0.289,85,292,91.4,10.6,2170,84.6,84.19,114,524,683,-0.4,5.95,109,155,113,147,297,321,295
1210,593833,Wander Suero,1210,100.0,0.242,0.110,0.326,0.352,0.289,0.316,0.261,64,264,88.5,10.4,2480,90.8,90.75,177,602,603,0.0,6.07,113,149,112,148,300,314,296
1204,542882,Matt Andriese,1204,100.0,0.262,0.164,0.335,0.425,0.321,0.293,0.229,72,275,88.3,7.0,2333,88.7,87.67,143,566,630,-1.0,5.57,112,152,118,150,303,327,302
1194,571882,Derek Law,1194,100.0,0.256,0.181,0.321,0.437,0.346,0.329,0.250,61,238,88.5,8.2,2129,86.7,86.87,150,500,688,0.2,6.29,109,152,119,149,306,329,301
1188,543766,Bryan Shaw,1188,100.0,0.251,0.215,0.277,0.465,0.340,0.334,0.261,69,275,90.0,7.2,2378,90.1,88.86,138,545,634,-1.2,5.23,114,151,116,147,307,333,307
1184,518617,Jake Diekman,1184,100.0,0.215,0.101,0.319,0.316,0.305,0.300,0.206,49,228,87.3,8.7,2451,90.8,90.51,188,530,639,-0.3,6.07,108,147,115,144,299,323,300
1181,656794,Sean Newcomb,1181,100.0,0.236,0.139,0.282,0.375,0.302,0.302,0.237,61,259,86.9,11.0,2371,89.7,88.32,123,537,636,-1.4,5.48,109,151,112,149,306,324,294
1181,623352,Josh Hader,1181,100.0,0.155,0.211,0.232,0.366,0.250,0.232,0.155,41,265,90.4,26.7,2190,93.4,94.07,291,693,480,0.7,6.64,112,154,113,150,304,318,293
1175,664285,Framber Valdez,1175,100.0,0.267,0.152,0.319,0.419,0.345,0.323,0.253,74,277,89.5,-1.0,2429,88.1,87.15,133,510,659,-1.0,5.76,107,151,115,147,288,314,296
1166,543507,Trevor May,1166,100.0,0.184,0.132,0.233,0.316,0.258,0.284,0.202,43,234,87.5,18.2,2363,91.0,92.00,162,539,622,1.0,6.73,108,154,115,147,297,326,295
1162,593144,Richard Rodriguez,1162,100.0,0.252,0.182,0.280,0.434,0.318,0.301,0.237,65,258,89.8,16.8,2488,91.5,91.57,134,564,592,0.1,6.40,108,148,120,147,308,325,301
1159,570663,Hansel Robles,1159,100.0,0.221,0.111,0.283,0.332,0.256,0.269,0.225,58,262,88.2,14.8,2237,93.7,93.12,154,583,574,-0.6,5.88,112,150,114,148,292,317,292
1158,493603,Adam Ottavino,1158,100.0,0.198,0.110,0.286,0.308,0.278,0.271,0.184,47,237,85.1,15.0,2645,87.7,88.09,137,448,707,0.4,6.57,107,152,113,148,295,324,288
1157,571656,Buck Farmer,1157,100.0,0.247,0.175,0.310,0.422,0.316,0.314,0.245,62,251,88.4,9.0,2283,90.0,89.35,159,533,618,-0.7,5.83,109,148,114,148,297,330,290
1157,446321,Ross Detwiler,1157,100.0,0.305,0.266,0.304,0.571,0.393,0.385,0.303,86,282,89.6,9.6,2094,87.8,86.32,88,542,612,-1.5,5.25,108,150,114,146,295,319,293
1154,433589,Yusmeiro Petit,1154,100.0,0.194,0.167,0.214,0.361,0.243,0.271,0.216,57,294,86.6,20.5,2149,85.1,86.29,143,567,582,1.2,6.90,111,148,120,150,299,324,299
1151,612672,Wei-Yin Chen,1151,100.0,0.311,0.246,0.353,0.557,0.383,0.347,0.282,87,280,88.9,13.6,2177,85.9,85.72,117,580,560,-0.2,6.05,108,151,118,147,300,324,296
1149,642607,Dario Agrazal,1149,100.0,0.283,0.214,0.285,0.497,0.358,0.348,0.280,82,290,86.6,13.9,2180,88.8,88.05,84,523,612,-0.7,5.72,110,148,120,148,306,326,299
1145,592346,Chi Chi Gonzalez,1145,100.0,0.246,0.200,0.261,0.446,0.337,0.349,0.269,59,240,87.1,11.1,2371,89.4,88.51,102,497,644,-0.9,5.45,114,152,118,147,307,334,307
1144,606965,Chris Devenski,1144,100.0,0.256,0.215,0.298,0.470,0.331,0.306,0.239,69,270,87.8,19.2,2093,88.2,87.05,157,557,584,-1.1,5.55,111,153,120,150,289,316,297
1143,453172,Jared Hughes,1143,100.0,0.224,0.200,0.233,0.424,0.310,0.314,0.248,57,255,88.5,0.7,1881,89.7,89.58,122,540,598,-0.1,6.18,112,152,118,146,297,317,289
1142,657624,Josh James,1142,100.0,0.203,0.172,0.308,0.374,0.307,0.263,0.171,46,227,89.7,17.3,2362,93.1,92.62,189,516,619,-0.5,6.01,111,152,117,150,288,315,297
1142,607352,Joe Biagini,1142,100.0,0.281,0.233,0.318,0.514,0.363,0.358,0.285,71,253,88.1,9.1,2155,89.9,89.22,149,526,613,-0.7,5.85,111,153,119,149,301,323,297
1141,606149,Giovanny Gallegos,1141,100.0,0.170,0.151,0.222,0.320,0.233,0.253,0.188,44,259,88.4,19.7,2343,90.0,88.22,198,572,565,-1.8,5.30,113,151,111,149,297,322,298
1138,605452,Joe Ross,1138,100.0,0.291,0.157,0.351,0.449,0.359,0.354,0.269,74,254,86.8,9.3,2045,91.2,91.49,126,535,597,0.3,6.36,113,149,113,148,298,315,297
1136,458708,Josh Tomlin,1136,100.0,0.267,0.195,0.279,0.463,0.312,0.312,0.271,82,307,88.1,17.2,2435,85.6,84.34,115,579,554,-1.3,5.29,110,150,114,150,306,325,297
1133,434538,Francisco Liriano,1133,100.0,0.232,0.151,0.274,0.382,0.312,0.308,0.230,60,259,84.6,8.6,2027,89.6,89.58,163,535,588,0.0,6.15,109,149,117,146,308,324,296
1133,628452,Raisel Iglesias,1133,100.0,0.240,0.201,0.318,0.441,0.311,0.281,0.221,61,254,87.2,20.2,2292,90.5,89.69,188,553,574,-0.8,5.72,117,154,116,145,293,315,290
1132,542888,Shawn Armstrong,1132,100.0,0.282,0.167,0.349,0.449,0.350,0.343,0.259,66,234,87.6,20.3,2584,91.1,91.33,148,553,573,0.2,6.34,103,151,115,145,302,325,298
1126,593576,Hector Neris,1126,100.0,0.186,0.153,0.241,0.339,0.268,0.275,0.199,45,242,88.2,12.3,1843,89.6,89.02,210,545,572,-0.6,5.91,111,151,116,150,300,324,295
1124,598287,Noe Ramirez,1124,100.0,0.232,0.165,0.299,0.398,0.300,0.285,0.218,59,254,87.3,16.3,2346,83.2,81.94,158,509,609,-1.3,5.52,111,151,115,146,295,318,290
1119,650895,Diego Castillo,1119,100.0,0.230,0.144,0.302,0.374,0.294,0.262,0.196,59,257,87.1,8.0,2232,93.3,91.41,165,507,604,-1.9,5.18,109,154,114,147,292,324,297
1116,465657,Joakim Soria,1116,100.0,0.202,0.139,0.253,0.341,0.264,0.288,0.219,51,252,87.3,15.0,2347,88.4,88.39,155,538,575,0.0,6.25,112,150,122,151,303,326,300
1112,520980,Pedro Baez,1112,100.0,0.174,0.113,0.215,0.287,0.242,0.252,0.188,43,247,86.6,20.9,2122,91.1,91.01,182,569,532,-0.1,6.11,110,158,118,144,297,319,296
1110,642397,Gregory Soto,1110,100.0,0.308,0.188,0.344,0.496,0.376,0.375,0.298,74,240,90.5,8.1,2321,92.5,93.25,101,508,598,0.8,6.65,106,147,115,146,298,330,291
1109,518553,Steve Cishek,1109,100.0,0.210,0.118,0.246,0.328,0.287,0.313,0.228,48,229,84.5,11.4,2339,85.8,87.60,109,482,618,1.8,7.28,111,151,111,152,295,320,295
1107,607231,John Gant,1107,100.0,0.217,0.106,0.275,0.323,0.285,0.292,0.233,51,235,87.0,9.4,2302,90.4,90.29,143,521,585,-0.1,6.23,110,148,110,147,299,322,298
1101,623433,Nick Anderson,1101,100.0,0.214,0.160,0.349,0.374,0.273,0.259,0.197,52,243,89.6,20.1,2239,90.8,89.92,225,593,504,-0.9,5.79,110,156,119,148,301,326,301
1096,453178,Ian Kennedy,1096,100.0,0.261,0.102,0.349,0.363,0.294,0.277,0.225,64,245,87.6,13.4,2433,91.7,91.77,128,527,566,0.1,6.25,113,150,116,143,301,326,307
1092,571710,Mychal Givens,1092,100.0,0.213,0.213,0.271,0.426,0.307,0.303,0.220,49,230,88.6,14.4,2356,92.5,92.38,187,546,542,-0.1,6.17,107,153,116,146,299,324,296
1076,643316,Paul Fry,1076,100.0,0.247,0.155,0.299,0.402,0.329,0.314,0.241,54,219,87.2,2.2,2550,87.5,87.12,117,452,615,-0.4,5.95,106,153,114,147,298,325,299
1076,457915,Javy Guerra,1076,100.0,0.251,0.176,0.284,0.427,0.305,0.312,0.255,67,267,88.7,16.9,2061,89.1,88.06,107,571,501,-1.0,5.61,114,151,118,148,303,315,296
1075,641941,Emilio Pagan,1075,100.0,0.179,0.190,0.228,0.369,0.248,0.221,0.174,45,252,89.3,21.2,2436,92.3,92.65,207,589,483,0.4,6.53,110,166,120,148,295,325,301
1075,448281,Sean Doolittle,1075,100.0,0.260,0.202,0.315,0.463,0.325,0.305,0.236,63,242,90.1,23.8,2219,92.1,91.84,149,634,437,-0.3,6.03,112,151,113,148,306,320,297
1073,621242,Edwin Diaz,1073,100.0,0.258,0.244,0.381,0.502,0.348,0.277,0.207,58,225,89.7,15.7,2370,94.7,95.47,209,552,514,0.8,6.67,115,149,112,145,298,319,298
1072,607229,Robert Gsellman,1072,100.0,0.261,0.167,0.317,0.429,0.329,0.294,0.239,64,245,85.3,11.8,2284,91.6,90.73,133,504,557,-0.9,5.76,114,151,111,147,299,319,296
1068,445276,Kenley Jansen,1068,100.0,0.213,0.171,0.273,0.383,0.280,0.266,0.211,51,240,84.6,18.4,2506,90.7,92.39,184,568,492,1.7,7.04,114,158,115,146,294,318,296
1068,453343,Mark Melancon,1068,100.0,0.270,0.087,0.349,0.357,0.294,0.286,0.257,71,263,88.7,3.0,2444,88.6,88.23,124,481,584,-0.4,6.03,108,149,113,147,302,326,296
1065,573124,Taylor Rogers,1065,100.0,0.225,0.128,0.313,0.353,0.269,0.258,0.207,58,258,86.6,6.2,2304,88.3,87.32,125,482,577,-1.0,5.62,107,153,114,145,298,326,293
1061,543045,Adam Conley,1061,100.0,0.308,0.215,0.357,0.522,0.379,0.337,0.270,76,247,87.2,16.0,2242,91.6,91.16,125,538,515,-0.4,6.13,106,153,118,146,300,322,297
1056,641729,Joe Jimenez,1056,100.0,0.243,0.230,0.319,0.474,0.338,0.303,0.215,56,230,88.1,21.8,2452,92.4,92.44,166,526,522,0.0,6.34,111,150,115,149,301,333,296
1054,605240,Jace Fry,1054,100.0,0.218,0.153,0.289,0.371,0.324,0.330,0.234,44,202,88.4,4.3,2444,87.3,85.58,155,424,625,-1.7,5.13,109,149,112,147,290,318,296
1053,592612,Josh Osich,1053,100.0,0.242,0.227,0.260,0.469,0.315,0.311,0.253,62,256,87.8,9.7,2260,88.6,87.74,141,510,541,-0.9,5.58,112,151,116,148,291,320,296
1053,596133,Luke Weaver,1053,100.0,0.227,0.140,0.292,0.368,0.277,0.306,0.253,55,242,89.3,14.0,2105,89.5,88.85,127,489,554,-0.7,5.78,112,153,116,152,299,330,304
1053,472610,Luis Garcia,1053,100.0,0.257,0.186,0.284,0.443,0.346,0.349,0.269,61,237,87.8,9.4,1955,91.0,91.07,140,471,571,0.1,6.19,111,148,114,147,294,317,291
1052,594986,Kyle Ryan,1052,100.0,0.243,0.097,0.301,0.341,0.294,0.297,0.241,55,226,88.6,5.9,2130,87.4,87.27,107,453,594,-0.1,6.07,110,150,110,150,295,321,296
1048,596043,Daniel Mengden,1048,100.0,0.254,0.168,0.283,0.422,0.325,0.331,0.263,59,232,88.9,18.7,2195,86.7,86.81,68,449,597,0.1,6.27,111,149,118,151,298,323,299
1044,606131,Luis Perdomo,1044,100.0,0.252,0.120,0.296,0.372,0.292,0.308,0.264,69,274,89.4,4.8,1994,90.9,90.08,100,504,533,-0.8,5.66,114,151,115,148,305,328,306
1043,519293,Will Smith,1043,100.0,0.196,0.162,0.277,0.357,0.264,0.265,0.207,46,235,88.9,13.5,2242,86.4,85.92,170,495,544,-0.5,5.86,109,150,114,146,305,332,302
1041,544727,Jeurys Familia,1041,100.0,0.274,0.164,0.350,0.438,0.359,0.330,0.247,62,226,86.7,8.1,2171,93.6,92.44,124,433,599,-1.2,5.57,111,149,111,145,295,314,293
1039,607481,Aaron Bummer,1039,100.0,0.184,0.068,0.229,0.252,0.237,0.256,0.206,43,234,88.8,-3.4,2075,93.6,93.32,119,489,545,-0.3,5.94,109,148,111,146,292,319,297
1038,606625,Reyes Moronta,1038,100.0,0.197,0.101,0.274,0.298,0.276,0.296,0.197,41,208,87.2,18.1,2425,91.9,91.64,130,438,586,-0.3,5.96,108,148,113,147,301,327,295
1030,518452,Chad Bettis,1030,100.0,0.301,0.197,0.329,0.498,0.365,0.322,0.271,78,259,89.6,2.2,1927,88.5,88.45,100,478,543,-0.1,5.92,111,152,114,147,307,333,306
1028,596112,Robert Stephenson,1028,100.0,0.182,0.195,0.231,0.377,0.265,0.250,0.194,43,236,86.7,18.8,2584,88.4,87.92,201,512,513,-0.5,5.71,116,153,118,145,293,313,289
1027,592468,Nick Kingham,1027,100.0,0.341,0.258,0.390,0.598,0.420,0.357,0.285,78,229,86.6,12.9,2260,88.0,87.22,97,484,536,-0.8,5.69,110,150,120,148,304,324,301
1026,592454,Tommy Kahnle,1026,100.0,0.200,0.164,0.279,0.364,0.275,0.262,0.201,45,225,88.0,5.8,1871,92.6,93.13,191,526,496,0.5,6.55,109,152,115,149,294,323,289
1023,595014,Blake Treinen,1023,100.0,0.257,0.159,0.308,0.416,0.339,0.334,0.252,58,226,87.1,12.0,2380,94.9,93.19,135,506,515,-1.7,5.28,109,147,117,148,300,324,299
1022,656685,Brett Martin,1022,100.0,0.280,0.136,0.340,0.416,0.318,0.320,0.269,72,257,89.8,6.6,2295,89.1,89.06,145,522,491,0.0,6.18,108,152,114,147,293,321,299
1021,489446,Kirby Yates,1021,100.0,0.186,0.077,0.328,0.262,0.230,0.224,0.171,41,221,86.5,11.1,1925,90.4,89.17,174,503,507,-1.2,5.58,117,152,115,151,302,326,306
1021,592135,Cam Bedrosian,1021,100.0,0.207,0.129,0.253,0.336,0.273,0.301,0.229,48,232,88.7,10.6,2497,87.9,87.22,135,448,565,-0.7,5.80,112,150,114,148,293,318,293
1020,453284,Blake Parker,1020,100.0,0.235,0.204,0.267,0.438,0.319,0.349,0.271,53,226,88.0,14.2,1819,85.1,85.71,122,446,569,0.6,6.60,109,152,116,148,298,324,294
1019,592229,Dylan Covey,1019,100.0,0.306,0.200,0.326,0.506,0.376,0.401,0.331,75,245,88.7,10.3,1993,90.8,90.18,83,462,553,-0.6,5.70,108,150,113,148,295,322,297
1016,593140,Michael Feliz,1016,100.0,0.212,0.202,0.264,0.413,0.309,0.295,0.205,44,208,86.6,17.7,2296,91.8,92.05,138,476,535,0.3,6.35,110,148,121,148,306,325,300
1016,605155,Colten Brewer,1016,100.0,0.277,0.150,0.335,0.427,0.347,0.327,0.257,59,213,88.2,5.9,2595,87.7,86.50,120,432,580,-1.2,5.60,108,148,116,147,284,321,291
1005,458006,Matt Albers,1005,100.0,0.239,0.158,0.283,0.396,0.314,0.309,0.237,53,222,86.3,6.9,2095,88.7,88.94,100,415,581,0.2,6.27,109,154,113,149,302,319,294
999,518774,Matt Harvey,999,100.0,0.275,0.253,0.276,0.528,0.372,0.390,0.307,63,229,90.3,12.2,2248,89.0,87.92,94,446,547,-1.1,5.59,110,153,113,148,296,318,295
998,554340,Yimi Garcia,998,100.0,0.178,0.249,0.172,0.427,0.280,0.257,0.183,40,225,86.6,22.5,2623,89.1,88.37,127,475,511,-0.7,5.68,114,157,119,145,297,318,293
997,542960,Brad Brach,997,100.0,0.278,0.127,0.366,0.405,0.335,0.318,0.258,57,205,88.0,14.3,2195,90.6,89.50,130,477,516,-1.1,5.53,114,151,113,150,297,319,295
995,489265,Sergio Romo,995,100.0,0.221,0.150,0.264,0.372,0.274,0.273,0.214,50,226,84.6,19.3,2552,80.0,79.39,147,485,507,-0.6,5.96,110,159,116,147,299,328,305
994,444468,Hector Rondon,994,100.0,0.242,0.199,0.264,0.442,0.323,0.298,0.230,56,231,86.8,7.8,2146,92.9,92.69,107,472,516,-0.2,6.14,110,153,118,149,290,317,297
989,547973,Aroldis Chapman,989,100.0,0.185,0.078,0.292,0.263,0.244,0.260,0.196,38,205,85.9,11.7,2492,94.2,94.75,147,466,521,0.5,6.55,106,151,113,148,296,323,287
987,642152,Lou Trivino,987,100.0,0.265,0.161,0.320,0.426,0.336,0.296,0.230,61,230,85.5,14.5,2249,93.3,93.11,134,476,507,-0.2,6.07,110,147,118,150,299,323,299
984,501625,Jose Alvarez,984,100.0,0.284,0.147,0.330,0.431,0.323,0.303,0.261,66,232,85.8,7.7,2264,87.4,87.53,116,507,471,0.1,6.34,109,150,117,149,297,322,294
981,584171,Hector Velazquez,981,100.0,0.274,0.184,0.321,0.458,0.351,0.344,0.264,58,212,88.1,15.6,1920,88.1,88.62,106,445,529,0.5,6.45,112,149,117,148,284,321,293
980,608648,Tyler Duffey,980,100.0,0.202,0.138,0.279,0.339,0.257,0.260,0.203,44,218,88.3,13.7,2404,88.6,88.42,164,495,480,-0.2,6.16,109,152,115,145,298,325,295
978,607237,Amir Garrett,978,100.0,0.213,0.145,0.303,0.357,0.310,0.291,0.204,44,207,87.3,4.8,1936,89.8,89.89,166,429,542,0.1,6.38,115,152,117,146,292,315,289
978,592222,Alex Claudio,978,100.0,0.246,0.177,0.268,0.422,0.321,0.305,0.243,57,232,84.8,2.5,2094,79.6,78.28,109,446,516,-1.3,5.55,110,152,111,150,300,316,296
978,518489,Ryan Brasier,978,100.0,0.238,0.173,0.286,0.411,0.309,0.338,0.261,51,214,88.5,16.1,2318,91.8,92.52,160,516,459,0.7,6.55,109,151,117,149,287,323,294
975,621295,Nick Wittgren,975,100.0,0.218,0.190,0.253,0.407,0.288,0.323,0.256,47,216,92.0,15.6,2184,89.7,90.32,106,455,519,0.6,6.57,111,153,118,150,290,314,289
975,517008,Alex Colome,975,100.0,0.191,0.159,0.217,0.350,0.264,0.327,0.244,42,220,90.7,9.8,2143,91.5,91.13,141,484,488,-0.4,5.95,112,150,113,148,294,322,295
975,595191,Jerad Eickhoff,975,100.0,0.261,0.302,0.261,0.563,0.369,0.348,0.253,58,222,87.8,15.2,2562,83.1,82.74,115,435,531,-0.4,6.02,112,152,117,150,301,325,295
972,453192,Andrew Miller,972,100.0,0.225,0.175,0.283,0.400,0.324,0.308,0.213,45,200,87.7,16.8,2398,86.3,86.91,131,426,537,0.6,6.49,110,148,109,148,299,324,301
971,657024,Erik Swanson,971,100.0,0.243,0.274,0.241,0.517,0.333,0.343,0.265,56,230,90.8,16.3,2172,90.4,90.85,107,472,496,0.5,6.50,108,153,114,147,293,321,294
966,573185,Dan Straily,966,100.0,0.349,0.397,0.325,0.746,0.471,0.450,0.339,73,209,91.4,21.6,2255,86.9,86.47,80,434,526,-0.4,5.99,106,151,118,148,306,331,303
966,448179,Rich Hill,966,100.0,0.223,0.172,0.284,0.395,0.295,0.269,0.213,48,215,84.6,8.5,2665,82.7,82.00,119,458,499,-0.7,5.95,112,156,113,145,294,313,291
963,453329,Clay Buchholz,963,100.0,0.306,0.260,0.321,0.566,0.383,0.376,0.299,72,235,86.6,10.4,2155,83.0,82.81,93,454,506,-0.2,6.13,111,153,114,150,302,322,300
961,532077,Roberto Osuna,961,100.0,0.190,0.131,0.236,0.321,0.240,0.257,0.209,45,237,86.0,13.5,2374,92.1,91.62,174,517,440,-0.5,5.99,111,154,116,150,294,321,301
959,553878,Felipe Vazquez,959,100.0,0.197,0.119,0.306,0.317,0.250,0.262,0.207,43,218,86.9,13.9,2610,93.4,92.42,140,482,473,-1.0,5.61,110,149,118,147,310,328,298
959,572362,Robbie Erlin,959,100.0,0.312,0.126,0.375,0.437,0.339,0.332,0.285,72,231,87.4,9.3,2271,86.0,85.42,109,459,499,-0.6,5.94,111,150,116,147,303,326,306
958,676606,Nick Margevicius,958,100.0,0.307,0.239,0.332,0.546,0.384,0.362,0.294,73,238,87.1,8.9,2055,83.2,83.00,100,437,514,-0.2,6.05,113,153,112,149,306,328,305
949,572888,Shane Greene,949,100.0,0.200,0.135,0.239,0.335,0.260,0.307,0.239,46,230,89.0,12.8,2355,88.4,86.97,114,434,509,-1.4,5.32,110,151,114,149,303,331,298
948,544365,Manny Banuelos,948,100.0,0.303,0.227,0.333,0.530,0.392,0.367,0.282,60,198,87.9,15.1,2122,87.5,86.82,99,405,538,-0.7,5.87,108,149,110,146,292,316,296
946,543272,Brad Hand,946,100.0,0.242,0.142,0.364,0.384,0.295,0.285,0.227,53,219,87.7,20.2,2445,86.4,84.15,138,449,493,-2.2,4.90,106,150,113,148,289,312,288
945,572403,Drew VerHagen,945,100.0,0.304,0.200,0.357,0.504,0.374,0.330,0.264,70,230,89.1,8.8,2289,88.2,87.81,96,420,518,-0.4,5.95,109,149,114,148,298,326,292
941,543118,Oliver Drake,941,100.0,0.181,0.176,0.225,0.357,0.264,0.278,0.210,36,199,88.5,7.5,1581,87.8,88.06,167,463,475,0.3,6.44,109,157,116,148,296,325,299
941,461872,Anthony Swarzak,941,100.0,0.251,0.203,0.280,0.454,0.336,0.329,0.250,52,207,88.8,11.9,2372,89.1,88.70,117,415,525,-0.4,5.88,109,151,112,149,303,323,297
937,461325,Tyler Clippard,937,100.0,0.176,0.181,0.207,0.356,0.263,0.264,0.186,38,216,85.0,21.9,2101,83.9,83.44,135,472,455,-0.5,6.01,111,153,117,150,288,313,290
935,501789,Will Harris,935,100.0,0.196,0.098,0.247,0.294,0.238,0.269,0.221,42,214,87.2,4.0,2631,87.1,86.91,117,394,539,-0.2,6.20,112,154,116,150,289,317,299
935,605538,Matt Wisler,935,100.0,0.272,0.218,0.343,0.490,0.343,0.301,0.244,56,206,87.7,14.9,2385,86.2,84.96,146,455,476,-1.2,5.50,111,153,117,147,304,325,299
934,605195,Kyle Crick,934,100.0,0.224,0.208,0.274,0.432,0.348,0.313,0.196,41,183,85.6,13.6,2684,90.1,89.44,125,422,505,-0.7,5.87,110,149,123,148,308,327,300
934,673633,Yoshihisa Hirano,934,100.0,0.249,0.146,0.317,0.395,0.312,0.296,0.217,51,205,87.1,10.7,1723,87.2,86.86,143,450,480,-0.3,5.93,110,152,116,150,302,328,302
933,502154,Zack Britton,933,100.0,0.182,0.072,0.226,0.254,0.249,0.273,0.199,38,209,87.4,-8.9,2076,92.8,91.65,107,390,540,-1.2,5.49,107,152,112,148,293,322,287
932,656605,Mitch Keller,932,100.0,0.348,0.198,0.478,0.546,0.396,0.314,0.265,72,207,87.2,10.5,2528,91.3,90.86,120,479,449,-0.4,5.86,109,150,119,148,304,324,297
925,475054,Chaz Roe,925,100.0,0.251,0.097,0.359,0.349,0.312,0.304,0.233,49,195,86.1,12.0,2789,84.6,83.26,97,349,574,-1.3,5.67,108,155,115,148,294,323,295
923,518715,Cory Gearrin,923,100.0,0.261,0.123,0.313,0.384,0.321,0.326,0.258,55,211,88.6,8.7,2476,87.9,86.80,81,405,512,-1.1,5.65,108,153,115,146,293,317,289
921,641835,Tim Mayza,921,100.0,0.231,0.190,0.276,0.421,0.317,0.329,0.251,45,195,86.5,6.0,2153,91.8,92.08,143,438,480,0.3,6.41,107,150,114,147,302,322,297
918,641302,Tyler Alexander,918,100.0,0.302,0.204,0.347,0.507,0.351,0.327,0.272,68,225,90.1,16.8,2224,87.3,86.84,88,481,433,-0.5,5.89,106,148,115,147,300,326,285
915,605280,Clay Holmes,915,100.0,0.232,0.134,0.301,0.366,0.334,0.332,0.233,45,194,87.9,0.0,2226,90.3,89.96,94,342,561,-0.3,5.97,110,147,122,146,303,324,298
914,641627,Trevor Gott,914,100.0,0.216,0.100,0.278,0.316,0.263,0.305,0.234,41,190,88.2,12.9,2105,91.9,90.95,106,440,470,-1.0,5.71,109,151,115,148,301,328,298
914,605121,Justin Anderson,914,100.0,0.232,0.199,0.308,0.431,0.337,0.313,0.215,42,181,87.3,18.0,2268,89.3,89.36,119,419,494,0.1,6.31,112,151,113,147,294,316,291
911,518566,Taylor Cole,911,100.0,0.286,0.113,0.366,0.399,0.327,0.317,0.281,58,203,86.8,7.1,2212,89.4,90.07,113,420,484,0.7,6.62,110,150,114,147,292,318,290
908,516969,Kelvin Herrera,908,100.0,0.288,0.173,0.349,0.462,0.343,0.327,0.275,60,208,85.8,17.4,2197,92.2,91.64,119,451,454,-0.6,5.85,110,149,114,147,295,320,295
906,622259,Trey Wingenter,906,100.0,0.187,0.137,0.271,0.324,0.285,0.295,0.196,34,182,88.3,14.7,2164,91.3,91.82,151,415,485,0.5,6.47,115,151,115,149,305,327,306
903,669203,Corbin Burnes,903,100.0,0.330,0.292,0.424,0.623,0.422,0.352,0.272,70,212,89.0,9.7,2692,91.6,91.85,164,443,454,0.3,6.18,110,157,114,152,301,319,293
903,607192,Tyler Glasnow,903,100.0,0.186,0.088,0.265,0.274,0.224,0.230,0.179,40,215,87.4,10.5,2445,92.8,94.88,112,394,508,2.1,7.37,109,153,113,146,288,322,296
901,641838,Kevin McCarthy,901,100.0,0.285,0.130,0.318,0.414,0.318,0.316,0.281,68,239,89.2,3.3,1983,88.6,89.62,95,465,428,1.0,6.66,110,149,117,141,300,326,302
900,594027,Tayron Guerrero,900,100.0,0.246,0.170,0.282,0.415,0.355,0.366,0.246,42,171,90.2,13.5,2140,96.6,96.94,127,452,442,0.3,6.48,107,152,118,146,300,326,299
900,663432,Tanner Rainey,900,100.0,0.188,0.159,0.289,0.347,0.313,0.314,0.194,32,170,89.2,6.1,2435,94.6,94.53,168,413,481,-0.1,6.17,112,149,113,148,305,316,297
898,623184,Scott Oberg,898,100.0,0.196,0.095,0.248,0.291,0.252,0.291,0.227,39,199,87.2,6.9,2316,90.3,90.60,118,423,472,0.3,6.12,112,152,115,147,308,334,311
897,519008,T.J. McFarland,897,100.0,0.316,0.156,0.349,0.471,0.354,0.356,0.313,71,225,87.3,-0.3,1934,86.9,85.20,97,443,452,-1.7,5.18,109,149,116,150,300,325,301
895,605177,Andrew Chafin,895,100.0,0.257,0.109,0.359,0.366,0.304,0.309,0.249,52,202,86.5,11.0,2253,90.1,90.02,151,443,447,-0.1,6.29,110,153,115,151,299,327,303
894,523260,Joe Kelly,894,100.0,0.244,0.139,0.323,0.383,0.309,0.282,0.216,49,201,89.1,0.9,2483,92.7,92.07,99,375,516,-0.6,5.84,110,156,118,144,297,318,295
889,643778,Tyler Webb,889,100.0,0.172,0.156,0.187,0.328,0.255,0.286,0.214,33,192,85.9,14.7,2112,85.9,85.99,96,421,462,0.1,6.23,115,152,113,150,297,323,301
888,545064,Jairo Diaz,888,100.0,0.251,0.179,0.318,0.430,0.318,0.292,0.235,56,223,89.8,7.8,2273,93.1,92.24,135,457,428,-0.9,5.48,114,151,116,146,309,335,308
885,543483,Matt Magill,885,100.0,0.251,0.187,0.328,0.438,0.320,0.323,0.258,51,203,90.2,13.4,2429,91.1,91.56,138,427,455,0.5,6.49,110,154,116,147,297,320,290
881,407845,Fernando Rodney,881,100.0,0.269,0.126,0.344,0.396,0.334,0.308,0.233,49,182,87.6,9.0,1995,90.4,89.95,104,393,485,-0.5,5.96,110,149,115,148,297,314,296
878,656713,Brendan McKay,878,100.0,0.268,0.207,0.333,0.475,0.337,0.322,0.261,53,198,90.5,16.7,2148,89.7,89.50,102,429,448,-0.2,6.23,107,159,117,149,298,326,297
877,502026,Jeremy Jeffress,877,100.0,0.269,0.124,0.327,0.393,0.322,0.335,0.272,54,201,86.2,7.6,2137,89.9,89.89,87,420,445,0.0,6.17,109,156,113,150,302,321,294
870,621363,Colin Poche,870,100.0,0.181,0.192,0.238,0.374,0.282,0.261,0.170,33,182,88.7,29.8,2295,91.9,92.96,163,465,398,1.1,6.93,107,153,112,148,296,326,298
868,607560,Ryne Harper,868,100.0,0.257,0.162,0.301,0.419,0.301,0.319,0.265,54,210,88.6,14.1,2122,80.0,79.89,102,421,445,-0.1,6.08,110,154,115,147,293,323,291
866,641755,Tyler Kinley,866,100.0,0.238,0.122,0.288,0.359,0.321,0.324,0.238,43,181,87.6,14.8,2421,91.2,89.18,120,406,457,-2.0,5.00,108,153,117,148,302,326,298
865,455119,Chris Martin,865,100.0,0.249,0.163,0.314,0.411,0.285,0.291,0.249,52,209,88.7,8.2,2208,93.3,93.63,123,470,395,0.3,6.38,110,152,114,149,298,324,301
865,661255,Yoan Lopez,865,100.0,0.232,0.214,0.234,0.446,0.302,0.370,0.304,52,224,91.6,11.5,2236,91.4,91.76,88,415,449,0.4,6.36,112,153,118,151,304,329,303
863,571946,Shelby Miller,863,100.0,0.317,0.180,0.336,0.497,0.387,0.375,0.280,58,183,89.6,13.7,2312,90.3,90.46,72,386,474,0.2,6.40,107,150,112,148,295,320,302
863,650644,Aaron Civale,863,100.0,0.216,0.152,0.252,0.368,0.272,0.278,0.237,44,204,86.6,15.0,2501,87.5,86.42,83,390,470,-1.1,5.46,111,153,116,152,292,317,290
861,594965,Daniel Ponce de Leon,861,100.0,0.207,0.144,0.256,0.351,0.290,0.290,0.210,36,174,87.9,14.7,2378,90.7,89.59,114,423,434,-1.1,5.58,113,152,109,149,295,319,297
855,445213,Brandon Kintzler,855,100.0,0.215,0.144,0.255,0.359,0.268,0.286,0.236,45,209,89.1,8.1,2066,91.1,91.44,71,381,465,0.3,6.31,111,151,111,151,297,321,299
848,473879,Sam Dyson,848,100.0,0.230,0.126,0.278,0.357,0.277,0.289,0.244,53,230,87.4,3.6,2395,91.6,89.86,77,417,423,-1.7,5.15,111,151,113,147,300,327,297
847,606273,Roenis Elias,847,100.0,0.236,0.190,0.259,0.426,0.310,0.333,0.257,46,195,88.0,14.9,2400,89.6,87.66,110,411,431,-1.9,5.27,107,152,111,145,296,318,293
839,451584,Wade Davis,839,100.0,0.291,0.183,0.349,0.474,0.378,0.359,0.269,51,175,89.4,14.9,2552,89.7,89.52,92,367,468,-0.2,5.80,115,152,115,147,311,334,310
837,663465,Kolby Allard,837,100.0,0.281,0.108,0.327,0.389,0.325,0.333,0.290,52,185,87.9,9.7,2042,88.4,87.63,72,379,453,-0.8,5.72,105,152,115,147,294,324,298
837,519151,Ryan Pressly,837,100.0,0.188,0.122,0.258,0.310,0.236,0.254,0.213,37,197,86.7,6.5,2880,89.6,88.55,153,425,412,-1.0,5.64,113,154,117,151,292,318,299
836,657031,Josh Taylor,836,100.0,0.229,0.114,0.321,0.343,0.283,0.285,0.224,40,175,86.3,12.1,2307,91.8,92.33,136,411,423,0.5,6.47,111,151,117,148,285,321,291
834,605359,Evan Marshall,834,100.0,0.228,0.125,0.266,0.353,0.292,0.302,0.235,42,184,86.2,9.5,2181,89.5,88.58,98,399,435,-0.9,5.64,109,149,113,147,293,320,295
832,504379,Juan Nicasio,832,100.0,0.298,0.141,0.368,0.440,0.342,0.342,0.289,57,191,88.5,8.7,2003,90.4,89.96,85,402,419,-0.4,5.93,110,151,119,149,301,324,294
824,657571,Caleb Ferguson,824,100.0,0.234,0.186,0.294,0.419,0.334,0.338,0.253,39,167,86.4,14.6,2465,90.5,89.90,94,399,417,-0.6,5.95,111,155,118,144,298,316,292
818,572703,Luke Bard,818,100.0,0.228,0.167,0.248,0.394,0.297,0.318,0.259,41,180,87.5,17.7,2760,89.6,89.09,106,374,439,-0.5,5.84,113,153,116,147,294,316,290
818,552640,Andrew Kittredge,818,100.0,0.263,0.144,0.336,0.407,0.308,0.280,0.224,51,194,86.9,6.3,2398,92.0,92.17,135,429,385,0.2,6.32,108,159,118,149,297,327,299
813,453265,Tony Watson,813,100.0,0.264,0.175,0.290,0.439,0.324,0.325,0.265,56,212,86.8,11.0,2352,89.6,88.53,111,428,380,-1.1,5.76,107,149,113,146,301,328,298
810,571704,Ken Giles,810,100.0,0.188,0.131,0.301,0.319,0.250,0.246,0.185,36,191,87.7,15.6,2284,91.7,90.00,164,410,400,-1.7,5.37,111,155,117,150,306,328,300
800,488748,Ryan Buchter,800,100.0,0.251,0.204,0.304,0.455,0.337,0.349,0.270,42,167,87.0,20.4,2229,88.7,88.90,98,372,423,0.2,6.36,110,147,120,149,298,324,300
797,643256,Adam Cimber,797,100.0,0.257,0.138,0.289,0.394,0.310,0.306,0.254,56,218,87.3,4.7,2144,82.0,81.74,82,404,387,-0.3,6.25,108,151,116,148,292,312,286
794,592473,Adam Kolarek,794,100.0,0.229,0.148,0.259,0.376,0.284,0.288,0.244,48,210,87.0,-0.1,2140,87.4,86.86,93,379,409,-0.5,6.12,109,151,110,148,291,316,293
787,456696,David Hernandez,787,100.0,0.306,0.231,0.397,0.538,0.380,0.318,0.256,53,173,88.1,19.1,2350,89.2,88.76,128,396,388,-0.4,5.93,114,152,116,144,295,316,290
784,622446,Jefry Rodriguez,784,100.0,0.270,0.157,0.301,0.427,0.329,0.337,0.258,48,178,90.3,9.6,2273,90.2,90.79,69,369,413,0.6,6.57,112,153,115,148,286,309,288
779,593372,Carlos Martinez,779,100.0,0.220,0.068,0.301,0.288,0.265,0.289,0.228,39,177,86.3,6.8,2059,91.5,89.79,110,387,388,-1.7,5.20,110,150,110,148,298,323,299
779,592169,Austin Brice,779,100.0,0.214,0.150,0.248,0.364,0.295,0.293,0.217,37,173,88.0,13.6,2508,87.8,85.96,96,360,412,-1.8,5.20,109,156,118,148,303,324,297
777,657053,Touki Toussaint,777,100.0,0.270,0.147,0.345,0.417,0.355,0.320,0.224,44,163,87.1,13.0,2110,87.4,88.18,96,323,444,0.8,6.58,109,151,114,150,307,325,294
772,598271,Brian Johnson,772,100.0,0.315,0.220,0.359,0.536,0.392,0.341,0.262,53,168,88.1,13.1,2504,81.0,80.70,70,309,459,-0.3,6.14,109,151,117,148,290,320,290
770,642231,Jimmy Yacabonis,770,100.0,0.307,0.247,0.336,0.554,0.403,0.386,0.289,51,166,90.7,15.6,2323,89.9,88.74,74,324,444,-1.2,5.59,105,154,118,146,306,329,300
768,518875,Shawn Kelley,768,100.0,0.291,0.259,0.319,0.550,0.367,0.363,0.283,55,189,87.7,18.5,2414,86.2,86.15,95,404,361,-0.1,6.10,111,156,113,149,296,324,301
763,624133,Ranger Suarez,763,100.0,0.278,0.139,0.326,0.417,0.314,0.300,0.264,52,187,86.3,4.3,1906,88.8,88.31,78,347,412,-0.5,5.92,107,151,118,148,298,321,291
762,542947,Richard Bleier,762,100.0,0.295,0.177,0.317,0.473,0.337,0.287,0.257,65,220,88.7,1.7,1929,87.7,87.51,67,393,362,-0.2,6.11,106,151,112,146,299,324,298
759,606424,Jarlin Garcia,759,100.0,0.216,0.103,0.250,0.319,0.261,0.308,0.247,40,185,87.5,11.3,2310,88.4,87.97,74,356,401,-0.4,6.02,105,154,115,148,302,325,297
753,614179,Jose Ruiz,753,100.0,0.335,0.168,0.391,0.503,0.393,0.351,0.275,56,167,87.6,17.8,2261,93.0,92.26,91,376,374,-0.7,5.78,108,147,113,145,293,319,293
752,621056,Hunter Wood,752,100.0,0.256,0.161,0.289,0.417,0.307,0.293,0.247,46,180,86.7,18.9,2411,89.9,89.24,102,375,376,-0.7,5.82,108,154,117,148,292,320,294
751,608371,Lucas Sims,751,100.0,0.201,0.214,0.256,0.416,0.306,0.271,0.179,31,154,88.1,24.8,2764,88.2,86.97,120,352,396,-1.2,5.48,113,150,118,146,292,312,288
751,543883,Nick Vincent,751,100.0,0.267,0.193,0.317,0.460,0.328,0.322,0.258,47,176,89.9,16.6,2346,88.1,87.40,91,378,366,-0.7,5.73,110,149,117,147,297,319,289